batch_size,drop_out,learning rate,optimizer,val_loss,weight_init_mode
2,0.5,0.0001,Adam,0.36092384561394036,he_normal
2,0.5,0.0001,Adam,0.4893902746144305,he_uniform
2,0.5,0.0001,Adam,0.3785826644200957,glorot_normal
2,0.5,0.0001,Adam,0.3735534747999706,glorot_uniform
2,0.5,0.0001,Adam,0.48970023768671445,lecun_uniform
2,0.5,0.0001,Adam,0.5701431958528047,normal
2,0.5,0.0001,Adam,0.44366840264770424,uniform
